District,Area,YEAR,Max_Temp,Min_Temp,Rainfall,Humidity,Wind,Cloud,Bright Sunshine,ALT
2,634460,1969,28.4,14.2333333333333,10.66666667,73.33333333,0.533333333,1.6,8.866666667,20
3,497290,1969,29.83333,15.66667,11.33333,74.66667,0.933333,2.533333,8.566667,6
4,976420,1969,31.3,17.4,15.66666667,78.33333333,0.2,0.633333333333334,7.241414141,10
5,765390,1969,29.26666667,14.6,6,71.66666667,0.5,1.86666666666667,8.9,9
6,888530,1969,28.43333333,13.4,32.66666667,76,0.133333333,0.666666666666667,6.554666667,37
7,786200,1969,28.16666667,14.6,19.33333333,77.33333333,0.5,1.36666666666667,7.313793103,9
8,552400,1969,29.33333333,13.4666666666667,19.66666667,71.33333333,1.066666667,1.7,8.866666667,7
9,1007020,1969,30.96666667,16.7,9.333333333,73,0.2,0.6,7.49,4
11,726660,1969,29.43333333,15.0333333333333,12,71.33333333,0.066666667,0.8,7.306896552,6
12,567080,1969,28.43333333,13.0666666666667,15.66666667,75.66666667,0.766666667,1.63333333333333,7.026436782,14
14,1111420,1969,27.9,13.8666666666667,34.33333333,70.66666667,0.533333333,1.63333333333333,7.307619048,20
16,1209490,1969,27.96666667,12.8,22.33333333,83.66666667,0.366666667,1.16666666666667,7.026666667,34
17,1223850,1969,29.3,14.2333333333333,34,76.33333333,1.033333333,2.1,8.733333333,35
11,612048,1970,28.43333333,15.8666666666667,50.33333333,75.66666667,0.2,0.733333333333334,7.306896552,6
2,658210,1970,29.4,14,7.666666667,75.33333333,0.4,1.16666666666667,9.566666667,20
3,517235,1970,28.9,16.43333,53.66667,75.66667,0.966667,2.066667,7.9,6
4,965080,1970,29.8,15.7666666666667,29.33333333,80.66666667,0.466666667,0.766666666666667,7.241414141,10
5,674300,1970,28.46666667,14.7333333333333,11.66666667,71.33333333,0.6,1.3,9.033333333,9
6,893380,1970,30.73333333,12.7666666666667,2.666666667,73.33333333,0.5,0.533333333333333,6.554666667,37
7,686009,1970,28.33333333,13.8333333333333,14.66666667,76.66666667,0.6,1.2,7.313793103,9
8,516210,1970,30.43333333,13.2333333333333,8.666666667,71.33333333,0.933333333,1.36666666666667,9.5,7
9,927445,1970,30.56666667,15.6333333333333,4.333333333,75.33333333,0.266666667,0.833333333333333,7.49,4
12,493655,1970,30.16666667,13.2,4.333333333,74,1.2,1.06666666666667,7.026436782,14
14,1142560,1970,28.16666667,14.3,8.666666667,72,0.7,1.83333333333333,7.307619048,20
16,1286790,1970,32.96666667,12.1666666666667,5.666666667,83,0.566666667,0.5,7.026666667,34
17,1241590,1970,29.16666667,14.5,23,74.33333333,1.666666667,1.76666666666667,9.033333333,35
2,598645,1971,28.4,13.8666666666667,14.66666667,71.66666667,0.7,1,9.433333333,20
3,546425,1971,28.46667,16.43333,14.66667,75,1.133333,1.566667,8.233333,6
4,946545,1971,28.6,14.4666666666667,19.66666667,76.66666667,0.566666667,0.966666666666667,7.241414141,10
5,682250,1971,29.46666667,14.4,32.66666667,72,0.5,1.3,8.033333333,9
6,792830,1971,29.26666667,12.9666666666667,1.666666667,74.66666667,0.4,0.766666666666667,6.554666667,37
7,592870,1971,27.96666667,14.0333333333333,22.33333333,76,0.4,0.833333333333333,7.313793103,9
8,574785,1971,28.63333333,18.9,6.333333333,75,0.666666667,1.4,7.4,7
9,761105,1971,31.16666667,15.8666666666667,3,75.33333333,0.366666667,0.833333333333333,7.49,4
11,736150,1971,28.43333333,15.2666666666667,60,77.33333333,0.4,0.966666666666667,7.306896552,6
12,479555,1971,27.7,13.2,5.666666667,74,0.766666667,1.33333333333333,7.026436782,14
14,928840,1971,29.63333333,14,32.33333333,75.33333333,0.9,1.1,7.307619048,20
16,1294500,1971,29.2,13.0666666666667,17.66666667,82.66666667,0.666666667,1.1,7.026666667,34
17,1075590,1971,28.73333333,14.4,31,73,1.066666667,1.96666666666667,8.666666667,35
2,619855,1972,30,13.8666666666667,4,72.66666667,0.466666667,0.766666666666667,9.4,20
3,569045,1972,32.3,16.66667,1.666667,74.33333,1.2,1.566667,8.766667,6
4,948270,1972,32.23333333,14.5333333333333,3.666666667,72.33333333,0.333333333,1.03333333333333,7.241414141,10
5,737720,1972,31.06666667,14.6666666666667,0,67.66666667,0.6,1.33333333333333,8.7,9
6,741400,1972,30.9,12.3666666666667,1.333333333,74.66666667,0.233333333,0.566666666666667,6.554666667,37
7,742260,1972,28.83333333,13.6,0,74.33333333,0.6,1.2,7.313793103,9
8,536915,1972,31.8,12.9333333333333,0.333333333,66,1.066666667,1.13333333333333,8.733333333,7
9,837565,1972,28.73333333,15.5666666666667,7.666666667,75.33333333,0.6,1.2,7.49,4
11,711710,1972,32.26666667,15.3666666666667,4.666666667,77.66666667,0.4,0.666666666666667,7.306896552,6
12,468950,1972,30.76666667,12.5666666666667,8.333333333,71.66666667,1.3,1.23333333333333,7.026436782,14
14,1114080,1972,32.26666667,13.9333333333333,3.666666667,69.66666667,0.533333333,1.13333333333333,7.307619048,20
16,1298620,1972,32.6,13.8666666666667,3,88.33333333,0.433333333,1.2,7.026666667,34
17,1038635,1972,29.36666667,14.6,1,73.33333333,1,1.5,9.533333333,35
4,924305,1973,28.73333333,15.0666666666667,53.33333333,74.33333333,0.533333333,1.36666666666667,7.241414141,10
2,575340,1973,28.33333333,14.6333333333333,18,76.66666667,0.7,1.1,9.333333333,20
3,579960,1973,29.2,16.43333,102,79.33333,1.5,2.1,8.233333,6
5,726700,1973,27.86666667,15.1,50.33333333,76.33333333,0.666666667,1.93333333333333,8.9,9
6,876485,1973,27.66666667,12.8333333333333,2.666666667,74.66666667,0.433333333,0.866666666666667,6.554666667,37
7,728655,1973,28.16666667,13.6333333333333,35,78.66666667,0.7,1.4,7.313793103,9
8,590930,1973,28.5,13.7,47.33333333,76,0.933333333,1.5,7.833333333,7
9,913040,1973,28.76666667,15.6333333333333,20,75.33333333,0.5,1.1,7.49,4
11,745450,1973,28.2,15.8666666666667,92.66666667,82,0.333333333,1.23333333333333,7.306896552,6
12,386430,1973,29.06666667,13.4,28.33333333,74.66666667,2.133333333,1.46666666666667,7.026436782,14
13,588305,1973,28.9,16.9333333333333,17.32478632,79.23931624,1.033333333,2.53333333333333,6.843678161,3
14,973630,1973,28.73333333,14.6666666666667,8,74.33333333,0.633333333,1.2,7.307619048,20
16,1298830,1973,27.3,13.3666666666667,5.333333333,84.66666667,0.766666667,1.43333333333333,7.026666667,34
17,1117485,1973,28.23333333,14.6666666666667,7,74.66666667,0.9,1.4,9.066666667,35
2,568865,1974,30.83333333,14.2333333333333,2.333333333,72,0.766666667,0.9,9.7,20
3,560550,1974,29.13333,16.86667,21,75.33333,1.766667,1.666667,8.033333,6
4,730175,1974,29.1,15.9,21.66666667,67.33333333,1.1,1.1,7.241414141,10
5,693315,1974,28.5,14.8666666666667,7.666666667,72,0.433333333,1.46666666666667,9.3,9
6,850805,1974,27.66666667,12.8333333333333,2.666666667,74.66666667,0.433333333,0.866666666666667,6.554666667,37
7,667230,1974,28.36666667,13.0666666666667,0,77.66666667,0.9,1.06666666666667,7.313793103,9
8,606000,1974,30.13333333,13.4666666666667,5.333333333,69.66666667,0.9,1.2,8.2,7
9,887195,1974,28.86666667,15.9333333333333,1.333333333,70,0.7,1.13333333333333,7.49,4
11,633920,1974,28.43333333,17.5666666666667,23.66666667,73.66666667,0.566666667,1,7.306896552,6
12,446800,1974,29.73333333,12.3333333333333,4,70,1.3,1.26666666666667,7.026436782,14
13,587250,1974,28.8,15.8666666666667,15.18803419,76.78632479,0.866666667,1.3,6.843678161,3
14,1074320,1974,29.16666667,14.1666666666667,3,69,0.2,0.866666666666667,7.307619048,20
16,1276235,1974,27.3,13.3666666666667,3.666666667,83.33333333,0.6,1.3,7.026666667,34
17,941960,1974,28.83333333,14.7666666666667,2.666666667,75.33333333,1.066666667,1.43333333333333,9.366666667,35
2,560625,1975,29.16666667,13.2666666666667,0.333333333,73,0.666666667,0.733333333333333,9.6,20
3,567500,1975,32.5,15.5,48.33333,77,1.166667,1.533333,8.233333,6
4,876395,1975,29.23333333,14.7666666666667,42.66666667,64.33333333,0.733333333,1.33333333333333,7.241414141,10
5,703365,1975,28.73333333,14.0666666666667,8.333333333,71,0.333333333,1.5,9.166666667,9
6,802370,1975,27.66666667,12.8333333333333,2.666666667,74.66666667,0.433333333,0.866666666666667,6.554666667,37
7,716635,1975,28.53333333,14.2,6,74.33333333,1.066666667,1.2,7.313793103,9
8,604170,1975,31.33333333,12.8333333333333,2.333333333,71.33333333,1.066666667,1.2,7.666666667,7
9,972010,1975,29.76666667,15.8,6.666666667,71.66666667,0.733333333,1.06666666666667,7.49,4
11,710485,1975,28.23333333,15.6,39.66666667,75,0.4,0.866666666666667,7.306896552,6
12,533595,1975,29.2,12.3666666666667,20,70,1.033333333,1.1,7.026436782,14
13,607385,1975,29.4,15.4,33.66666667,74.66666667,0.466666667,1.53333333333333,6.843678161,3
14,1069450,1975,28.53333333,13.5666666666667,0.333333333,69,0.333333333,0.666666666666667,7.307619048,20
16,1317170,1975,27.3,13.3666666666667,0,91.33333333,0.233333333,1.03333333333333,7.026666667,34
17,1110660,1975,28.56666667,14.7,32,73.66666667,0.8,1.46666666666667,9.566666667,35
2,580140,1976,32.06666667,14.2666666666667,2,74.33333333,0.6,1.03333333333333,9.3,20
3,561400,1976,30.03333,16.43333,87.33333,75,1.4,1.433333,8.233333,6
4,913665,1976,29.8,14.5333333333333,3.333333333,65,1.633333333,1.4,7.241414141,10
5,730900,1976,29.5,14.6333333333333,2.666666667,70.33333333,0.333333333,1.46666666666667,8.066666667,9
6,808620,1976,27.66666667,12.8333333333333,2.666666667,74.66666667,0.433333333,0.866666666666667,6.554666667,37
7,753500,1976,29.63333333,14.8,1.333333333,75,0.4,1.1,7.313793103,9
8,621995,1976,31.16666667,13.0666666666667,1.666666667,68.66666667,0.7,1.3,7.566666667,7
9,964425,1976,31.26666667,16.8,5,69,0.633333333,1.36666666666667,7.49,4
11,731215,1976,28.03333333,15.9333333333333,41.33333333,77.33333333,0.333333333,1,7.306896552,6
12,583325,1976,29.93333333,12.6333333333333,1,67.66666667,0.6,1.23333333333333,7.026436782,14
13,609500,1976,29.26666667,16.0333333333333,15.33333333,77.33333333,0.8,1.63333333333333,6.843678161,3
14,1085795,1976,30.53333333,14.2666666666667,1.666666667,69.33333333,0.266666667,0.966666666666667,7.307619048,20
16,1302095,1976,27.3,13.3666666666667,0.333333333,88,0.333333333,1.46666666666667,7.026666667,34
17,907990,1976,28.7,14.7,20.33333333,74.66666667,0.7,1.43333333333333,8.3,35
2,600340,1977,34.26666667,14.3333333333333,24.66666667,74.66666667,0.633333333,1.1,8.766666667,20
3,572800,1977,31.23333,16,11.66667,73.33333,1.366667,1.433333,8.766667,6
4,919125,1977,28.76666667,15.1,13.66666667,77,0.8,1.16666666666667,7.241414141,10
5,711320,1977,31.83333333,14.6666666666667,11.33333333,73,0.366666667,1.7,8.033333333,9
6,805740,1977,27.66666667,12.8333333333333,2.666666667,74.66666667,0.433333333,0.866666666666667,6.554666667,37
7,710095,1977,29,15.3333333333333,4,74.33333333,0.3,1.26666666666667,7.313793103,9
8,653325,1977,30.1,13.9666666666667,24.33333333,74.33333333,0.766666667,1.73333333333333,8.1,7
9,960385,1977,29.8,16.0666666666667,13.33333333,72.66666667,0.433333333,1.3,7.49,4
11,725785,1977,28.03333333,15.9333333333333,16.33333333,77.33333333,0.333333333,1,7.306896552,6
12,546730,1977,31.53333333,13.4333333333333,22.66666667,71,0.633333333,1.5,7.026436782,14
13,607165,1977,30.7,15.9333333333333,15.66666667,75.66666667,0.7,2.06666666666667,6.843678161,3
14,1064535,1977,30.16666667,15.2,14.66666667,72,0.633333333,1.46666666666667,7.307619048,20
16,1307100,1977,28.46666667,13.4,5.666666667,83.33333333,0.433333333,1.4,7.026666667,34
17,905000,1977,28.73333333,14.4333333333333,19.33333333,75.66666667,1,1.63333333333333,8.066666667,35
2,597820,1978,29.56666667,14.6666666666667,5.666666667,74,0.633333333,1.2,8.466666667,20
3,573240,1978,30.9,16.6,0.333333,72.33333,1.6,1.066667,8.8,6
4,898490,1978,29.03333333,14.9,14,75,0.6,1,7.241414141,10
5,734595,1978,30.33333333,14.6666666666667,1,69.33333333,0.466666667,1.3,8.233333333,9
6,807740,1978,27.66666667,12.8333333333333,2.666666667,74.66666667,0.433333333,0.866666666666667,6.554666667,37
7,724100,1978,30.03333333,15.7666666666667,3,73.33333333,0.233333333,0.833333333333333,7.313793103,9
8,660790,1978,29.3,14.1333333333333,21.33333333,73.66666667,0.766666667,1.5,8.066666667,7
9,922595,1978,30.43333333,17.2666666666667,4,69,0.366666667,0.666666666666667,7.49,4
11,774130,1978,29.23333333,16.0333333333333,15.66666667,75.33333333,0.333333333,1.13333333333333,7.306896552,6
12,535450,1978,29.26666667,13.4666666666667,8,69,1,1.3,7.026436782,14
13,621120,1978,30.5,16.7333333333333,34.66666667,74.66666667,0.666666667,0.866666666666667,6.843678161,3
14,1061840,1978,28.7,14.7,23,72,1.233333333,0.833333333333333,7.446666667,20
16,1289800,1978,26.83333333,13.6,2.666666667,71.66666667,0.4,0.966666666666667,7.199047619,34
17,947345,1978,29.2,14.8,4,73.33333333,0.866666667,1.7,9.1,35
1,962920,1979,30.4,15.9333333333333,26,78.66666667,0.333333333,1.1,8.7,4
2,632710,1979,30.53333333,15.3666666666667,16.66666667,74.66666667,0.633333333,1.2,8.3,20
3,608535,1979,29.43333,17.26667,29.33333,73.33333,1.633333,1.266667,8.733333,6
4,914885,1979,29.8,15.7666666666667,12.66666667,77.33333333,0.666666667,0.933333333333333,7.241414141,10
5,696170,1979,29.3,15.7,36.33333333,73.66666667,0.333333333,1.26666666666667,7.733333333,9
6,850635,1979,27.56666667,12.8666666666667,2.666666667,74.66666667,0.433333333,0.866666666666667,6.554666667,37
7,660130,1979,29.3,16.6666666666667,25.33333333,75.66666667,0.2,1.03333333333333,7.313793103,9
8,645155,1979,30.16666667,15.5,20,71,0.966666667,1.56666666666667,7.6,7
9,977685,1979,30.66666667,18.1,10.33333333,74.33333333,0.333333333,0.966666666666667,7.49,4
11,776810,1979,30.16666667,17.2666666666667,28.66666667,70,0.6,1.4,7.306896552,6
12,517465,1979,30.76666667,14.1333333333333,18.66666667,72.66666667,0.566666667,1.4,7.026436782,14
13,659360,1979,29.03333333,17.5333333333333,30.66666667,77.33333333,0.6,0.933333333333333,6.843678161,3
14,1045610,1979,29.53333333,15.3,28.33333333,75.66666667,0.9,1.23333333333333,7.833333333,20
15,69010,1979,29.3,18.9333333333333,42.33333333,78.33333333,1.1,2.9,7.448148148,63
16,1341590,1979,27.43333333,14.2,15.33333333,76.66666667,0.366666667,0.966666666666667,7.766666667,34
17,1098550,1979,28.7,15.4333333333333,13,75.33333333,1,1.56666666666667,8.066666667,35
1,926545,1980,29.5,14.8333333333333,8,77.33333333,0.433333333,1.33333333333333,8.5,4
2,623220,1980,30,15.0333333333333,10.66666667,74.66666667,0.633333333,1.13333333333333,8.6,20
3,554020,1980,29.86667,16.6,8.333333,72,1.266667,1.366667,8.366667,6
4,915980,1980,29.7,14.3666666666667,6,74,0.6,1.1,7.367676768,10
5,655420,1980,29.46666667,15.3333333333333,3.333333333,69.66666667,0.3,1.56666666666667,7.9,9
6,884660,1980,27.63333333,13.0666666666667,10.33333333,74.66666667,1.2,1.46666666666667,6.554666667,37
7,686535,1980,29.13333333,15.5,10.66666667,74.33333333,0.4,1,7.313793103,9
8,668185,1980,30.63333333,14.3,2.666666667,68.66666667,0.933333333,1.7,7.466666667,7
9,989470,1980,29.56666667,15.1333333333333,8,77.33333333,0.9,1.4,7.49,4
11,747285,1980,31.2,16.4666666666667,37,71,0.033333333,1.16666666666667,7.306896552,6
12,533160,1980,28.53333333,14.2333333333333,10,72.33333333,0.7,1.43333333333333,7.026436782,14
13,685735,1980,29.03333333,16.7666666666667,27.33333333,75.66666667,1.2,1.76666666666667,6.843678161,3
14,1087435,1980,28.6,14.0333333333333,23.66666667,72.33333333,0.933333333,0.966666666666667,7.666666667,20
15,60425,1980,28.8,18.0333333333333,0.333333333,79.66666667,0.6,2.5,7.448148148,63
16,1395255,1980,28.03333333,14.3,6.666666667,75.33333333,0.433333333,1.36666666666667,9.066666667,34
17,1142490,1980,29.5,15.1666666666667,7,72,1,1.3,8.8,35
1,922570,1981,30.43333333,14.3333333333333,11,75.33333333,0.366666667,1.23333333333333,8.166666667,4
2,620545,1981,30.8,14,27.33333333,74,0.633333333,0.933333333333333,8.466666667,20
3,551645,1981,29.83333,16.6,2,72.33333,1.333333,1.3,8.1,6
4,912050,1981,30.56666667,13.9,9,72.33333333,0.433333333,0.8,8.1,10
5,652610,1981,30.73333333,14.6666666666667,14.66666667,68.66666667,0.333333333,1.2,7.766666667,9
6,880865,1981,28.7,13.1333333333333,16.33333333,71.66666667,0.533333333,1.3,6.554666667,37
7,683590,1981,30.3,14.8333333333333,30.66666667,73,0.3,0.733333333333334,7.313793103,9
8,665235,1981,31.4,13.7333333333333,49.33333333,73.66666667,0.833333333,1.56666666666667,7.233333333,7
9,985225,1981,30.63333333,14.8333333333333,21.66666667,75,0.966666667,1.2,7.49,4
11,717150,1981,30.53333333,14.8666666666667,8,68,0.1,1,7.306896552,6
12,530875,1981,30.36666667,13,16,70.66666667,0.4,0.766666666666667,7.026436782,14
13,682795,1981,30.26666667,16.7,1,66.33333333,1.5,1.6,6.843678161,3
14,1082770,1981,28.36666667,13.4,31.33333333,72,1.033333333,0.9,8.333333333,20
15,87095,1981,30.13333333,18.3,8,78.33333333,1.5,2.86666666666667,7.448148148,63
16,1389270,1981,28.43333333,13.3333333333333,15.66666667,78.33333333,0.533333333,1,9.2,34
17,1137590,1981,30.96666667,15.2666666666667,8.666666667,70.66666667,1,1.36666666666667,8.266666667,35
1,920925,1982,29.7,13.6666666666667,17.66666667,77,0.3,1.06666666666667,7.933333333,4
2,636145,1982,29.03333333,13.6666666666667,6.333333333,74.33333333,0.633333333,1.03333333333333,7.166666667,20
3,549115,1982,29.4,15.63333,16.33333,73.33333,1,0.933333,8.733333,6
4,925195,1982,29,13.8666666666667,15.33333333,75.66666667,0.4,0.766666666666667,7.533333333,10
5,650250,1982,29.13333333,14.6666666666667,21.66666667,73.66666667,0.3,1.33333333333333,7.5,9
6,875150,1982,28,11.9,13.33333333,72.33333333,0.233333333,1.3,6.554666667,37
7,714790,1982,28.63333333,14.7,40,74,0.2,0.666666666666667,7.313793103,9
8,651930,1982,30.56666667,13.3,14,71.66666667,0.733333333,1.33333333333333,6.7,7
9,989970,1982,29.5,14.4666666666667,27,76.66666667,1,0.933333333333333,7.49,4
11,698420,1982,29.1,13.9,25.66666667,68.66666667,0.2,0.866666666666667,7.306896552,6
12,520260,1982,31.26666667,12.4333333333333,27.66666667,71,0.533333333,0.9,7.026436782,14
13,688520,1982,29.26666667,16.3666666666667,14,67,1.266666667,1.53333333333333,6.843678161,3
14,1061115,1982,29.23333333,12.7666666666667,20.66666667,74,1.133333333,0.933333333333333,7.133333333,20
15,81320,1982,29.26666667,18,2.333333333,78,0.6,2.8,7.448148148,63
16,1381250,1982,27.26666667,13,2.666666667,76.33333333,0.3,0.733333333333334,7.066666667,34
17,1142050,1982,29.23333333,13.8,2,73,0.9,1.5,7.866666667,35
1,933275,1983,29.93333333,14.5,27.66666667,83.33333333,0.3,1.7,8.133333333,4
2,644675,1983,29.23333333,14.2666666666667,14,74.66666667,0.7,1.2,7.833333333,20
3,556480,1983,29.4,16.46667,36.66667,75.33333,1.166667,2.166667,8.266667,6
4,926855,1983,29.66666667,14.7333333333333,15,78,1.3,1.56666666666667,7.433333333,10
5,648480,1983,29.6,15.5333333333333,10.33333333,70.33333333,0.366666667,1.66666666666667,7.866666667,9
6,880805,1983,27.83333333,11.9333333333333,26,70,0.5,1.26666666666667,6.554666667,37
7,683225,1983,28.6,15.2666666666667,8.333333333,75,0.266666667,0.9,7.313793103,9
8,654045,1983,30.53333333,13.8333333333333,21.66666667,72.66666667,0.933333333,1.73333333333333,7.533333333,7
9,1003265,1983,29.33333333,14.2333333333333,14.66666667,81.33333333,1.466666667,2.06666666666667,7.636666667,4
11,701895,1983,30.33333333,16,4,79,0.633333333,1.33333333333333,7.306896552,6
12,519180,1983,28.96666667,13.5,13.33333333,72.66666667,0.833333333,1.43333333333333,7.026436782,14
13,697755,1983,30.2,16.6333333333333,45.33333333,69.33333333,1.866666667,1.83333333333333,6.843678161,3
14,1066310,1983,28.6,13.3,18.33333333,76.33333333,1.333333333,1.4,7.966666667,20
15,72070,1983,29.16666667,16.6333333333333,64.66666667,76,0.633333333,3.73333333333333,7.448148148,63
16,1385700,1983,27.5,12.8333333333333,18.66666667,83.33333333,0.533333333,1.06666666666667,7.733333333,34
17,1157365,1983,29.1,14.5,9.333333333,72.66666667,0.966666667,1.5,8.3,35
1,921770,1984,30.4,14.0666666666667,0.666666667,83.66666667,0.266666667,1.23333333333333,7.966666667,4
2,617840,1984,29.63333333,14.3666666666667,0.666666667,73,0.6,0.933333333333333,8.233333333,20
3,552520,1984,31.03333,16,6.333333,73.66667,1.666667,1.366667,8.633333,6
4,877415,1984,31.23333333,14.2666666666667,1.666666667,75.66666667,0.866666667,0.966666666666667,7.433333333,10
5,634450,1984,30.4,15.9,2.666666667,70,0.266666667,1.53333333333333,8.533333333,9
6,870395,1984,28.4,12.4333333333333,1.333333333,67.66666667,0.666666667,0.866666666666667,6.554666667,37
7,537420,1984,30.1,15,12.33333333,75.33333333,0.5,0.666666666666667,7.551724138,9
8,516120,1984,30.8,14.1,15.33333333,71.66666667,0.6,1.43333333333333,6.933333333,7
9,1011125,1984,30.26666667,14.1333333333333,5,81.33333333,1.133333333,1.53333333333333,8.633333333,4
11,733905,1984,30.5,15.4333333333333,0,77,0.366666667,0.8,7.517241379,6
12,414165,1984,29.26666667,13.4,0.666666667,70,0.333333333,1,7.213793103,14
13,721875,1984,31.26666667,16.5,1.666666667,80,0.766666667,1.13333333333333,6.824137931,3
14,1013430,1984,29.13333333,13.3333333333333,1.333333333,74.33333333,1.366666667,1.03333333333333,8.4,20
15,15540,1984,31.16666667,16.7666666666667,0.666666667,72.66666667,0.2,1.76666666666667,7.448148148,63
16,1386395,1984,28.36666667,12.5333333333333,1.666666667,81.33333333,0.833333333,0.866666666666667,7.7,34
17,992270,1984,30.3,14.2,23.66666667,73.66666667,0.8,1.5,8.5,35
1,978000,1985,30.5,14.1666666666667,4.666666667,85,0.266666667,1.23333333333333,7.933333333,4
2,657855,1985,29.83333333,14.3333333333333,2.333333333,73,0.5,0.933333333333333,8.266666667,20
3,544560,1985,29.93333,16.46667,67.33333,74.66667,1.3,1.466667,8.9,6
4,936750,1985,30.86666667,14.5,1.666666667,76.33333333,0.433333333,1.06666666666667,7.433333333,10
5,621540,1985,31.3,16.0333333333333,10.66666667,71,0.266666667,1.36666666666667,7.9,9
6,869605,1985,28.6,13.0333333333333,2.333333333,69.33333333,0.633333333,1.1,6.554666667,37
7,669400,1985,29.66666667,14.8666666666667,1,76.33333333,0.566666667,0.8,7.866666667,9
8,678820,1985,30.8,13.8333333333333,3,73.66666667,0.6,1.5,6.966666667,7
9,1039360,1985,30.43333333,14.0666666666667,6.666666667,79,0.666666667,1.53333333333333,8.133333333,4
11,781080,1985,30.43333333,15.8,5.666666667,79.66666667,0.433333333,1.33333333333333,7.733333333,6
12,458100,1985,29.96666667,13.0333333333333,1,71.33333333,0.533333333,1.1,7.966666667,14
13,751210,1985,30.3,16.4333333333333,33.33333333,76.33333333,0.866666667,1.26666666666667,6.233333333,3
14,1035080,1985,29.6,13.2666666666667,6,76,1.333333333,1,8.133333333,20
15,17015,1985,30.13333333,17.1666666666667,33,75,0.3,2.3,7.448148148,63
16,1408610,1985,27.96666667,13.0333333333333,7,82.33333333,0.533333333,0.733333333333334,7.8,34
17,1131000,1985,29.8,14.8666666666667,8.666666667,73.66666667,0.8,1.5,8.433333333,35
1,984260,1986,30.73333333,15.2,93,86.66666667,0.2,1.56666666666667,8,4
2,632080,1986,30.93333333,15.1333333333333,10.66666667,76.33333333,0.5,1.46666666666667,7.866666667,20
3,620580,1986,30.83333,17.06667,41.66667,74,1.666667,1.4,6.4,6
4,938715,1986,30.36666667,15.5666666666667,45.66666667,78.33333333,0.7,1.1,7.433333333,10
5,695215,1986,30.63333333,16.0333333333333,59.66666667,75.33333333,0.433333333,1.76666666666667,8.133333333,9
6,866875,1986,28.96666667,13.7,12.66666667,70.66666667,0.8,1.56666666666667,6.554666667,37
7,688955,1986,29.83333333,15.8666666666667,50.33333333,78.33333333,0.9,1.4,8.033333333,9
8,663360,1986,30.03333333,15.0666666666667,55.33333333,78,0.833333333,1.73333333333333,6.566666667,7
9,1010110,1986,30.53333333,15.5666666666667,51.66666667,79.33333333,1.1,1.63333333333333,7.966666667,4
11,731965,1986,30.16666667,16.7333333333333,61.66666667,80,0.566666667,1.33333333333333,7.7,6
12,470540,1986,29.36666667,13.5666666666667,10.33333333,79,0.733333333,1.6,7.633333333,14
13,775400,1986,30.3,16.7,19,77.66666667,0.833333333,1.36666666666667,6.766666667,3
14,991505,1986,29.5,14.3333333333333,10.33333333,78.66666667,1.5,1.56666666666667,7.466666667,20
15,16240,1986,30,16.2,48.33333333,79.33333333,0.633333333,1.9,6.220987654,63
16,1391705,1986,28.46666667,13.6666666666667,19.66666667,83.66666667,0.9,1.4,7.7,34
17,1098450,1986,30.33333333,14.0666666666667,36.66666667,75,1.133333333,1.76666666666667,8.366666667,35
1,978440,1987,29.83333333,15.2666666666667,12.33333333,82.66666667,0.166666667,1.5,7.9,4
2,530695,1987,30.36666667,15.0333333333333,7.333333333,76,0.566666667,1.06666666666667,7.8,20
3,642560,1987,30.7,17.5,22,74.33333,1.1,1.533333,8.266667,6
4,870745,1987,30.9,15.7,23.66666667,78.33333333,0.433333333,1.4,8.133333333,10
5,573270,1987,30.46666667,16.3,13.33333333,73.33333333,0.333333333,1.63333333333333,8.066666667,9
6,858205,1987,28.36666667,14.0666666666667,2.666666667,71,0.666666667,1.26666666666667,6.554666667,37
7,687575,1987,29.53333333,15.8666666666667,12.33333333,79.33333333,0.966666667,1.5,8.133333333,9
8,651040,1987,30.3,14.8,5,76.33333333,0.733333333,1.76666666666667,6.2,7
9,905605,1987,30.03333333,15.7666666666667,18.33333333,79.33333333,0.633333333,2.06666666666667,7.833333333,4
11,600730,1987,29.76666667,17.1,16.33333333,80.33333333,0.433333333,1.4,8.266666667,6
12,261755,1987,28,13.4333333333333,3,78,0.933333333,1.26666666666667,7.466666667,14
13,776035,1987,29.76666667,16.8333333333333,36.66666667,80.33333333,1.333333333,1.83333333333333,5.866666667,3
14,858180,1987,29.56666667,14.2,3.333333333,77.33333333,1.133333333,1.33333333333333,7.7,20
15,15660,1987,29.9,16.8666666666667,38,78.33333333,0.566666667,2.2,6.833333333,63
16,1382000,1987,28.36666667,14.2333333333333,2,85.66666667,0.833333333,1.23333333333333,7.766666667,34
17,1048405,1987,30.36666667,15.3333333333333,18.33333333,74,1.4,1.6,7.933333333,35
18,386730,1987,29.06666667,15.2666666666667,18.66666667,76.66666667,1.3,1.7,7.6,10
1,944635,1988,29.33333333,14.8666666666667,37.66666667,83,0.366666667,1.16666666666667,8,4
2,487065,1988,30.7,14.1333333333333,31,77.66666667,0.766666667,1.16666666666667,8.2,20
3,702605,1988,30.56667,17.1,24.33333,73.33333,1.4,1.433333,8.033333,6
4,712680,1988,29.53333333,15.3333333333333,19.66666667,78.66666667,0.5,1.06666666666667,7.9,10
5,367715,1988,30.06666667,15.6666666666667,52,73.33333333,0.6,1.2,7.833333333,9
6,1011355,1988,28.8,12.9666666666667,11.66666667,69.33333333,0.933333333,1.03333333333333,6.697333333,37
7,669925,1988,28.5,15.5666666666667,52.66666667,79.33333333,1.033333333,1,8.4,9
8,568290,1988,29.5,13.9666666666667,33.33333333,76.33333333,0.766666667,1.5,7.566666667,7
9,972330,1988,29.5,14.9,46.66666667,78,0.766666667,1.2,8.2,4
11,674335,1988,30.86666667,16.5333333333333,18,80,0.4,1.13333333333333,8.233333333,6
12,251465,1988,29,13.4333333333333,25,76,0.733333333,1.03333333333333,7.933333333,14
13,786065,1988,29.83333333,16.4666666666667,24.66666667,80,0.9,1.4,7.266666667,3
14,777010,1988,29.5,13.3666666666667,4.666666667,77,1.233333333,1.13333333333333,8.1,20
15,15655,1988,29.43333333,16.6666666666667,13.33333333,77.66666667,0.6,1.8,6.766666667,63
16,1308645,1988,28.23333333,13.8666666666667,14.33333333,80.33333333,1.133333333,1,7.9,34
17,803170,1988,29.36666667,15.2,69.33333333,76.66666667,0.9,1.4,7.966666667,35
18,88810,1988,28.53333333,14.9666666666667,55.33333333,80.66666667,0.9,1,7.833333333,10
1,952930,1989,30.13333333,14.2,0,82.66666667,0.233333333,0.733333333333334,7.966666667,4
2,581050,1989,31.16666667,13.6666666666667,1.333333333,80.33333333,0.8,1.03333333333333,7.166666667,20
3,673750,1989,30.06667,15.76667,4.666667,75,1.066667,1.2,8.3,6
4,885545,1989,29.93333333,13.6,0,79.33333333,0.166666667,0.4,8,10
5,430280,1989,30.53333333,15.4666666666667,4,74.66666667,0.333333333,0.9,7.9,9
6,1082910,1989,29.03333333,12.6333333333333,0.666666667,79.66666667,0.7,0.8,6.833333333,37
7,532970,1989,30.03333333,14.8,3,79,0.933333333,0.8,8.1,9
8,704570,1989,30.56666667,13.4333333333333,3.333333333,77.33333333,0.5,1.13333333333333,7.7,7
9,1072710,1989,30.7,14.2333333333333,0.333333333,78.33333333,0.666666667,0.666666666666667,8.166666667,4
11,657420,1989,29.86666667,16.2333333333333,0,81.66666667,0.133333333,0.766666666666667,8.166666667,6
12,297125,1989,30.33333333,12.1,1,77.33333333,0.566666667,0.666666666666667,7.666666667,14
13,769080,1989,29.7,15.9666666666667,0.666666667,78,0.6,0.633333333333334,7.366666667,3
14,1008425,1989,30.13333333,12.2,2.666666667,80,1.066666667,0.8,7.5,20
15,16270,1989,29.13333333,15.2333333333333,13.33333333,77.33333333,0.4,0.933333333333333,8.033333333,63
16,1458990,1989,28.5,13.3666666666667,2.333333333,83.33333333,1.066666667,0.933333333333333,6.966666667,34
17,980590,1989,29.06666667,14.6666666666667,12.33333333,79.33333333,0.9,1.1,7.466666667,35
18,305710,1989,29.76666667,14.0666666666667,2.333333333,82,0.433333333,0.566666666666667,7.533333333,10
1,939650,1990,30.26666667,15.3666666666667,36.66666667,83,0.2,2,6.9,4
2,619240,1990,31.03333333,14.1666666666667,2.666666667,75.66666667,0.633333333,1.36666666666667,7.6,20
3,660810,1990,30.23333,17.2,43,77,0.9,2.066667,6.766667,6
4,888160,1990,30.1,15.1666666666667,36.33333333,81.33333333,0.2,1.96666666666667,7.033333333,10
5,479930,1990,29.8,17.1333333333333,45.33333333,71.66666667,0.566666667,2.1,8.033333333,9
6,1057600,1990,29.33333333,12.8666666666667,9,77,0.8,0.966666666666667,7.833333333,37
7,498260,1990,29.9,15.6666666666667,26.33333333,77.66666667,1,1.6,7.266666667,9
8,716000,1990,30.9,13.7,53.33333333,79,0.6,1.93333333333333,6.633333333,7
9,997570,1990,30.33333333,15.0666666666667,30.33333333,79.66666667,0.6,1.76666666666667,7.566666667,4
11,660150,1990,29.66666667,17.3666666666667,55,80.33333333,0.233333333,1.76666666666667,7.066666667,6
12,331000,1990,32.36666667,13.5666666666667,12,75.33333333,0.533333333,1.6,7.366666667,14
13,768630,1990,29.83333333,16.9666666666667,37.33333333,83,0.566666667,1.73333333333333,6,3
14,1011270,1990,30.4,12.6666666666667,13.66666667,77,1.166666667,1.36666666666667,7.5,20
15,17420,1990,29.7,15.9,65,81.33333333,0.333333333,2.56666666666667,6.7,63
16,1522980,1990,28.83333333,13.4333333333333,12.66666667,79.66666667,0.866666667,1.06666666666667,7.766666667,34
17,1040900,1990,30.16666667,15.8666666666667,17,75.33333333,0.966666667,2.16666666666667,7.633333333,35
18,339330,1990,29.86666667,14.9666666666667,18,77.66666667,0.466666667,1.36666666666667,7.1,10
1,931550,1991,29.3,14.3,24.66666667,81.66666667,0.2,1.53333333333333,6.866666667,4
2,607990,1991,29.86666667,14.0666666666667,37.33333333,79.33333333,0.533333333,1.2,6.766666667,20
3,658900,1991,29.43333,16,37.33333,76.66667,0.633333,1.9,7.4,6
4,814520,1991,29.26666667,13.7333333333333,54.66666667,82.66666667,0.4,1.16666666666667,4.6,10
5,488070,1991,28.96666667,15.8666666666667,40.33333333,72,0.533333333,1.6,8.033333333,9
6,1043090,1991,28.63333333,12.4666666666667,16.66666667,80.33333333,0.733333333,1.06666666666667,6.8,37
7,549470,1991,29.13333333,14.0666666666667,36.33333333,80.66666667,0.833333333,1.23333333333333,7.133333333,9
8,776650,1991,29.5,13.3333333333333,34.33333333,80.33333333,0.366666667,1.63333333333333,6.2,7
9,1059780,1991,29.63333333,14.0666666666667,20.33333333,80,0.533333333,1.33333333333333,6.833333333,4
11,653750,1991,28.7,16.2666666666667,23.66666667,81.66666667,0.3,1.2,6.933333333,6
12,307090,1991,28.83333333,12.9,26.66666667,78.66666667,0.3,1.23333333333333,6.866666667,14
13,774550,1991,28.76666667,15.7333333333333,7.333333333,79,0.433333333,1.33333333333333,5.833333333,3
14,978820,1991,29.5,12.4333333333333,30.66666667,80.66666667,1,1.1,6.733333333,20
15,21600,1991,28.93333333,15.2333333333333,34.33333333,80.33333333,0.566666667,1.93333333333333,6.566666667,63
16,1560020,1991,28.8,13.0666666666667,23.66666667,83.33333333,0.9,1.2,6.9,34
17,903670,1991,29.23333333,14.2,27.33333333,78,0.966666667,1.73333333333333,7.266666667,35
18,257520,1991,28.73333333,13.9333333333333,30.33333333,80.33333333,0.533333333,1.26666666666667,6.7,10
1,930230,1992,29.66666667,14.2,3,82.66666667,0.2,1.5,6.9,4
2,615730,1992,30.16666667,13.8,22.66666667,78,0.9,1.03333333333333,7.233333333,20
3,636490,1992,30.06667,16.5,12.66667,77,0.433333,2.066667,7.4,6
4,866650,1992,30.83333333,13.3333333333333,24.66666667,80.33333333,0.233333333,1.3,7.2,10
5,489450,1992,29.96666667,14.3333333333333,2.333333333,73.33333333,0.5,1.43333333333333,7,9
6,1028070,1992,28.43333333,11.8333333333333,17.33333333,81,0.566666667,1.13333333333333,6.666666667,37
7,602080,1992,30,13.3,0,77.33333333,0.766666667,1.13333333333333,7.233333333,9
8,801050,1992,30.63333333,13.1,1,77.33333333,0.333333333,1.23333333333333,6.7,7
9,1011220,1992,30.13333333,14.5,23.33333333,78.66666667,0.866666667,1.13333333333333,7.4,4
11,651130,1992,29.63333333,16.1666666666667,3.666666667,81.33333333,0.2,1.36666666666667,7.033333333,6
12,378380,1992,29.76666667,11.8666666666667,3.333333333,77,0.7,1.2,7.166666667,14
13,762100,1992,29.73333333,16.2333333333333,9.333333333,79.66666667,0.6,1.43333333333333,6.233333333,3
14,997810,1992,30.76666667,12,1.666666667,77.66666667,0.933333333,1.16666666666667,7.3,20
15,22300,1992,29.86666667,16.5333333333333,4.666666667,76.66666667,0.366666667,1.6,7.9,63
16,1532490,1992,28.66666667,12.8333333333333,18.33333333,82.66666667,0.9,1.4,6.866666667,34
17,1028030,1992,29.6,14.5666666666667,12.66666667,76.33333333,1.066666667,1.86666666666667,7.2,35
18,335570,1992,29.9,13.5333333333333,2,80,0.8,1.06666666666667,7.166666667,10
1,949770,1993,30.1,14.9666666666667,5.333333333,79.33333333,0.233333333,1,7.733333333,4
2,588950,1993,30.76666667,15.2333333333333,3.666666667,75,0.6,1.36666666666667,7.433333333,20
3,644450,1993,29.6,16.13333,7,74.33333,0.833333,1.466667,8.133333,6
4,937300,1993,29.73333333,14.8666666666667,5,79.66666667,0.3,0.933333333333333,7.666666667,10
5,457690,1993,29.66666667,15.3333333333333,10.66666667,74.33333333,0.4,1.26666666666667,7.266666667,9
6,957730,1993,28.93333333,14.2,12.66666667,78,0.5,1.16666666666667,6.9,37
7,540080,1993,29.4,15.7333333333333,3.666666667,76.66666667,0.466666667,0.9,7.866666667,9
8,777330,1993,30.7,14.0666666666667,4.666666667,77.66666667,0.3,1.13333333333333,7,7
9,974020,1993,30.66666667,15.1666666666667,5,76.33333333,1,1.03333333333333,7.866666667,4
11,652340,1993,29.26666667,17.1,5.333333333,76.66666667,0.4,1.03333333333333,7.5,6
12,326110,1993,29.66666667,14.4333333333333,15.33333333,74,0.733333333,1.23333333333333,7.6,14
13,770440,1993,29.66666667,16.8,16,79,0.366666667,1.06666666666667,6.966666667,3
14,967010,1993,29.4,14.4333333333333,7.333333333,77,0.833333333,1.13333333333333,7.566666667,20
15,19000,1993,30.33333333,14.7,4.333333333,72.33333333,0.4,2.1,7.4,63
16,1541410,1993,28.76666667,14.3333333333333,14,79.66666667,0.6,1.06666666666667,7.366666667,34
17,1016850,1993,29.3,15.8,8.333333333,73.33333333,1.133333333,1.63333333333333,8.166666667,35
18,325410,1993,29.6,15.2,7.666666667,80.66666667,0.633333333,1.13333333333333,7.2,10
1,894440,1994,30.5,13.7666666666667,2.666666667,75.66666667,0.266666667,1.66666666666667,7.066666667,4
2,582220,1994,29.9,14,7,71.33333333,0.633333333,1.56666666666667,7.166666667,20
3,625790,1994,30.76667,16.03333,6.666667,70.33333,0.8,1.6,7.4,6
4,953360,1994,30.63333333,13,0.333333333,72.33333333,0.266666667,1.56666666666667,6.833333333,10
5,451350,1994,30.66666667,14.2,7.333333333,66.66666667,0.333333333,1.76666666666667,6.866666667,9
6,861720,1994,29.03333333,11.6666666666667,1,71.33333333,0.566666667,1.13333333333333,7,37
7,599730,1994,30.06666667,14.5333333333333,3,71,0.666666667,1.56666666666667,6.9,9
8,772250,1994,30.2,13.1333333333333,6.333333333,72.33333333,0.366666667,1.66666666666667,6.533333333,7
9,962060,1994,30.4,14.6666666666667,4.333333333,72.33333333,0.7,1.5,7.066666667,4
11,647260,1994,28.96666667,16.1333333333333,3.333333333,72.33333333,0.4,1.36666666666667,7.266666667,6
12,348710,1994,29.5,12.3,3.333333333,68.33333333,0.9,1.63333333333333,7.1,14
13,777220,1994,30.1,15.6,9,73,0.6,1.76666666666667,6.233333333,3
14,940960,1994,28.93333333,13,13,69.33333333,0.633333333,1.2,7.2,20
15,21710,1994,29.73333333,16.1333333333333,76.66666667,78.33333333,0.466666667,1.9,7.2,63
16,1278560,1994,28.2,12.9333333333333,1,73,0.833333333,1.43333333333333,6.9,34
17,1076370,1994,29.37777778,14.8555555555556,16.11111111,75.88888889,1.055555556,1.74444444444444,7.544444444,35
18,216780,1994,29.66666667,13.6,10.66666667,79.33333333,0.666666667,1.7,6.9,10
1,897090,1995,30.7,15.0333333333333,51,77.33333333,0.233333333,1.26666666666667,7.3,4
2,558400,1995,29.93333333,14.9333333333333,24.66666667,75.33333333,0.5,1.5,7.033333333,20
3,236150,1995,30.83333,17.3,107.6667,77,0.966667,1.6,7.366667,6
4,956940,1995,30.43333333,14.8666666666667,53,79.66666667,0.433333333,1.46666666666667,7.766666667,10
5,405740,1995,30.66666667,15.1,37.66666667,72.33333333,0.4,1.4,7.133333333,9
6,990400,1995,28.6,13.4,31.66666667,77.66666667,0.366666667,1.4,7.1,37
7,558910,1995,29.5,15.4666666666667,33.66666667,75.66666667,0.966666667,1.23333333333333,7.6,9
8,1436670,1995,30.5,14.1333333333333,51.66666667,77.66666667,0.6,1.36666666666667,7.166666667,7
9,896610,1995,31.33333333,15.0666666666667,54.33333333,76.66666667,1,1.2,7.833333333,4
11,679960,1995,30.46666667,17.5333333333333,83,77.33333333,0.666666667,1.43333333333333,7.566666667,6
12,324570,1995,29.53333333,13.4333333333333,24.33333333,74,0.666666667,1.53333333333333,7.666666667,14
13,812490,1995,30.66666667,16.3666666666667,55.33333333,78.66666667,0.733333333,1.4,7,3
14,924810,1995,29.26666667,13.8666666666667,15,75.33333333,0.566666667,1.53333333333333,7.333333333,20
15,23470,1995,29.93333333,15.3333333333333,25.66666667,80.33333333,0.333333333,2.03333333333333,8.133333333,63
16,1390210,1995,27.63333333,14.2,41.66666667,80.66666667,0.866666667,1.53333333333333,6.8,34
17,1050480,1995,29.42592593,15.0740740740741,12.37037037,75.18518519,1.085185185,1.74814814814815,7.637037037,35
18,281000,1995,29.53333333,14.6333333333333,31,82.33333333,0.6,1.46666666666667,7.2,10
1,884830,1996,30.66666667,14.1333333333333,2,81.33333333,0.166666667,1.36666666666667,7.333333333,4
2,605280,1996,30.43333333,14.0333333333333,3.333333333,76,0.5,0.966666666666667,7.866666667,20
3,615910,1996,30.83333,16.9,2.333333,77,0.866667,1.566667,7.666667,6
4,882090,1996,30.33333333,14.1666666666667,7,79,0.5,1.53333333333333,7.9,10
5,426630,1996,30.53333333,14.5666666666667,0.666666667,72.66666667,0.233333333,1.33333333333333,6.766666667,9
6,1030900,1996,29,12.2,7,81,0.266666667,0.5,7.666666667,37
7,561970,1996,29.9,14.9,3.666666667,76.33333333,0.833333333,1.03333333333333,8.1,9
8,786980,1996,30.13333333,13.1,4.666666667,78.33333333,0.266666667,1.2,7,7
9,937240,1996,30.46666667,14.2,6,76.33333333,0.733333333,1.5,7.8,4
11,685600,1996,30.4,16.6666666666667,19.66666667,79.33333333,0.4,1.3,7.933333333,6
12,372020,1996,29.46666667,12.7333333333333,1.333333333,76.33333333,0.633333333,0.966666666666667,8.066666667,14
13,815010,1996,30.26666667,15.4,19.33333333,81.33333333,0.5,1.4,6.233333333,3
14,980020,1996,28.86666667,12.8333333333333,2.666666667,76.66666667,0.733333333,1.06666666666667,8.066666667,20
15,23570,1996,30.53333333,15.4333333333333,18.33333333,81.66666667,0.333333333,2.76666666666667,7.266666667,63
16,1469520,1996,28.5,13.3333333333333,6.333333333,80.66666667,0.8,0.866666666666667,8.166666667,34
17,1061700,1996,32.83333333,15.5666666666667,0.333333333,80.66666667,0.9,3.1,2.366666667,35
18,309970,1996,29.7,13.8666666666667,0,80.66666667,0.433333333,1.06666666666667,7.9,10
1,871970,1997,30.73333333,14.7,57,87.33333333,0.433333333,2.16666666666667,5.666666667,4
2,579610,1997,30.5,14.6,13,81.33333333,0.633333333,2.56666666666667,5.566666667,20
3,448770,1997,31.23333,16.53333,30,79.33333,0.933333,2.8,7.133333,6
4,799370,1997,29.6,14.5333333333333,19.33333333,83,0.633333333,2.26666666666667,6.1,10
5,393290,1997,30,15.3666666666667,24,77.33333333,0.233333333,2.7,5.266666667,9
6,959050,1997,28.63333333,13.3333333333333,12.66666667,83.66666667,0.4,2.3,6.066666667,37
7,545440,1997,29.16666667,15.5,40,82.33333333,0.966666667,2.26666666666667,6.2,9
8,789160,1997,30.66666667,14.3,26,82.33333333,0.366666667,2.4,5.633333333,7
9,892160,1997,30.93333333,15.2666666666667,26.66666667,79.66666667,0.6,2.16666666666667,6.8,4
11,585410,1997,29.9,17.0666666666667,12.66666667,82.66666667,0.6,1.83333333333333,6.866666667,6
12,374870,1997,29.66666667,13.9333333333333,17,80.66666667,0.7,2.5,6.133333333,14
13,809120,1997,30.23333333,16.4,10,82.33333333,0.7,2.13333333333333,6.033333333,3
14,991830,1997,28.56666667,14.2,27.33333333,83.33333333,0.533333333,2.73333333333333,6.266666667,20
15,20190,1997,30.9,16.6666666666667,6.333333333,81,0.6,1.53333333333333,8.533333333,63
16,1441770,1997,28.2,13.5,9.666666667,84.66666667,0.8,2.73333333333333,6.166666667,34
17,1051260,1997,30.66666667,15.4333333333333,16,80,1,3,6.866666667,35
18,295970,1997,29.7,14.4666666666667,15,84,0.633333333,2.96666666666667,5.433333333,10
1,820960,1998,31.66666667,15.8333333333333,90,83.33333333,0.333333333,1.06666666666667,8.133333333,4
2,529900,1998,31.53333333,15.7666666666667,3.333333333,77.33333333,0.666666667,0.966666666666667,7.966666667,20
3,455640,1998,32.03333,18.06667,31,79.33333,0.833333,1.2,8.833333,6
4,567600,1998,30.66666667,15.9666666666667,39.33333333,79.66666667,0.566666667,1.03333333333333,8.433333333,10
5,277420,1998,31.1,16.0333333333333,27.66666667,75.66666667,0.266666667,1.2,7.5,9
6,943070,1998,29.8,14.2333333333333,0,80.66666667,0.533333333,0.966666666666667,7.233333333,37
7,390940,1998,30,16.4666666666667,31.66666667,78,0.933333333,1,8.333333333,9
8,656380,1998,31.53333333,14.9,39.33333333,80.66666667,0.5,1.06666666666667,7.366666667,7
9,886930,1998,31.53333333,16.2333333333333,44,79,0.8,1.03333333333333,8.3,4
11,514030,1998,30.53333333,18.1666666666667,56.66666667,79.33333333,0.7,0.9,8.766666667,6
12,313940,1998,30.03333333,14.9666666666667,14,77.66666667,0.866666667,1.03333333333333,8.2,14
13,790300,1998,30.86666667,17.2,32.33333333,81.66666667,0.433333333,1.03333333333333,7.066666667,3
14,915420,1998,29.8,15.1666666666667,11,80.33333333,0.9,1.03333333333333,8.2,20
15,21110,1998,30.16666667,15.7,53,82.33333333,0.3,1.63333333333333,8.7,63
16,1268330,1998,29.53333333,14.8,0,81,1,1,8.133333333,34
17,1049330,1998,30.76666667,16.6666666666667,14,74.33333333,1.133333333,1.33333333333333,9.033333333,35
18,162880,1998,30.63333333,15.2,20.66666667,83.33333333,0.6,1.16666666666667,7.866666667,10
1,876760,1999,31.1,15.0333333333333,1,81.66666667,0.2,0.966666666666667,8.233333333,4
2,579900,1999,30.33333333,15.2666666666667,11.66666667,77.66666667,0.5,0.866666666666667,8.2,20
3,614440,1999,31.43333,17.16667,46.33333,76.66667,0.566667,1.166667,8.4,6
4,832240,1999,30.9,15.3333333333333,29.33333333,78.66666667,0.5,1.16666666666667,8.133333333,10
5,426970,1999,30.26666667,15.9666666666667,8.666666667,73,0.3,1.1,7.266666667,9
6,1034870,1999,29.16666667,13.9,1.666666667,81.33333333,0.366666667,0.533333333333333,6.733333333,37
7,534010,1999,29.8,15.7,13,78,0.666666667,0.8,7.933333333,9
8,762940,1999,31,14.2333333333333,0.666666667,79.33333333,0.633333333,0.933333333333333,6.8,7
9,922940,1999,31.26666667,15.3666666666667,6,78.66666667,0.366666667,0.8,8.8,4
11,658540,1999,30.06666667,17.4333333333333,16,81,0.566666667,1,8.5,6
12,365320,1999,29.96666667,14.3,3.666666667,78.33333333,0.566666667,0.833333333333333,7.866666667,14
13,822480,1999,30.76666667,16.4333333333333,13,81.33333333,0.433333333,1.06666666666667,7.2,3
14,970660,1999,29.9,14.3333333333333,1.666666667,79.33333333,0.6,1,7.633333333,20
15,24080,1999,30.13333333,14.8333333333333,15,80,0.333333333,0.966666666666667,8.933333333,63
16,1435000,1999,28.9,14.4666666666667,3,80,1,0.933333333333333,8.166666667,34
17,1059740,1999,30.46666667,15.9666666666667,16,75.66666667,1.266666667,1.53333333333333,8.766666667,35
18,313510,1999,29.7,14.7,20,81.33333333,0.466666667,1.1,7.933333333,10
1,937640,2000,30.43333333,14.0666666666667,3.333333333,83.33333333,0.1,0.533333333333333,9,4
2,570890,2000,29.73333333,14.7666666666667,0,75.33333333,0.433333333,0.9,8.166666667,20
3,624270,2000,31.33333,15.43333,5,75.33333,0.433333,0.7,9.066667,6
4,794680,2000,30.03333333,13.6,1,77.66666667,0.433333333,0.6,7.966666667,10
5,491320,2000,29.26666667,16.1,0,68.33333333,0.366666667,0.9,8.066666667,9
6,1034270,2000,28.56666667,12.9333333333333,0,79.66666667,0.366666667,0.866666666666667,6.666666667,37
7,553110,2000,29.86666667,14.9333333333333,0,76,0.566666667,0.533333333333333,8.2,9
8,622400,2000,30.1,13.1333333333333,0,79,0.333333333,0.533333333333333,7.8,7
9,850850,2000,30.43333333,14.9,0,77,0.166666667,0.5,8.566666667,4
11,675760,2000,30.53333333,16.2333333333333,14.33333333,78.33333333,0.533333333,0.366666666666667,9.266666667,6
12,416760,2000,29.53333333,13.6,0,77.33333333,0.533333333,0.733333333333334,7.466666667,14
13,862300,2000,30.76666667,15.3333333333333,31.66666667,80,0.566666667,0.566666666666667,8.033333333,3
14,971600,2000,29.1,13.4666666666667,0,77.66666667,0.566666667,0.633333333333333,7.8,20
15,24110,2000,30.6,16.5666666666667,36.66666667,85,0.3,1.93333333333333,7.333333333,63
16,1430750,2000,28.16666667,13.4,0,80,0.733333333,0.9,7.066666667,34
17,1007660,2000,29.86666667,15.3,0,73.66666667,1.5,1,8.266666667,35
18,365390,2000,28.83333333,14.4,1.666666667,80.66666667,0.466666667,0.833333333333333,7.4,10
1,938790,2001,30.26666667,15.6,28.66666667,86.66666667,0.1,1.86666666666667,7.033333333,4
2,565080,2001,29.43333333,15.5666666666667,2.666666667,81,0.366666667,1.5,6.333333333,20
3,647120,2001,32,17.46667,14.66667,73.66667,2,2.433333,8.233333,6
4,743070,2001,29.7,15.4,33.66666667,82.33333333,0.4,1.7,7.5,10
5,502040,2001,29.53333333,16.2666666666667,14,73.66666667,0.4,1.93333333333333,7,9
6,951700,2001,28.23333333,14.3666666666667,38,82.33333333,0.4,1.33333333333333,7,37
7,579080,2001,29.53333333,16.1,20.66666667,81,0.466666667,1.53333333333333,7.333333333,9
8,658140,2001,30.8,14.5666666666667,10.66666667,81,0.166666667,1.5,6,7
9,873040,2001,31.03333333,16.3333333333333,13.66666667,81.33333333,0.2,1.8,7.766666667,4
11,686420,2001,30.13333333,17.7,38,81.66666667,0.166666667,1.63333333333333,7.133333333,6
12,417320,2001,29.36666667,14.5666666666667,8.333333333,80,0.566666667,1.5,6.8,14
13,809750,2001,30.8,16.6666666666667,33.66666667,83.33333333,0.533333333,1.83333333333333,6.466666667,3
14,959560,2001,29.56666667,14.8,3.666666667,81.66666667,0.766666667,1.56666666666667,7.233333333,20
15,25140,2001,30.66666667,15.8333333333333,33.66666667,85,0.2,1.9,7.333333333,63
16,1385080,2001,27.53333333,15.0333333333333,5.666666667,81.66666667,0.766666667,1.7,6.533333333,34
17,969430,2001,30.43333333,16,19,80,1.5,1.83333333333333,7.5,35
18,352170,2001,28.93333333,14.8333333333333,18.33333333,82.66666667,0.333333333,1.56666666666667,7,10
1,903560,2002,30.53333333,15.2,30.66666667,83,0.166666667,1.63333333333333,7.833333333,4
2,573460,2002,30.33333333,14.2,8,81.66666667,0.4,1.4,5.966666667,20
3,657900,2002,31.8,16.96667,14.66667,73.33333,1.366667,2.2,8.233333,6
4,766880,2002,30.66666667,14.6,28.33333333,81.33333333,0.766666667,1.96666666666667,7.133333333,10
5,473940,2002,29.66666667,15.8333333333333,13.33333333,74.33333333,0.7,2,6.033333333,9
6,964890,2002,29.93333333,12.9666666666667,5.666666667,83.66666667,0.5,1.03333333333333,6.566666667,37
7,539340,2002,29.73333333,15.1666666666667,43.33333333,81.33333333,0.633333333,1.66666666666667,7.566666667,9
8,660070,2002,30.53333333,13.5,37.33333333,82.66666667,0.4,1.4,6.533333333,7
9,930330,2002,30.33333333,15.3666666666667,56.33333333,82.33333333,0.3,1.56666666666667,7.8,4
11,697270,2002,30.76666667,17.2,36,80,0.4,1.4,7.1,6
12,425880,2002,29.1,13.2333333333333,15.66666667,80.66666667,0.7,1.4,7,14
13,790100,2002,30.5,15.9333333333333,4.666666667,85.33333333,0.566666667,1.6,6.966666667,3
14,939810,2002,29,13.0666666666667,6.666666667,81.33333333,0.933333333,1.46666666666667,7.466666667,20
15,25570,2002,30.96666667,15.4666666666667,19.66666667,83,0.333333333,1.33333333333333,7.7,63
16,1442120,2002,29.1,13.8333333333333,5,83.33333333,0.866666667,1.86666666666667,6.8,34
17,1006000,2002,30.26666667,15.6666666666667,0,80,1.233333333,2.43333333333333,7.433333333,35
18,371780,2002,29.7,14,29.66666667,83.66666667,0.366666667,1.8,6.533333333,10
1,889450,2003,30.33333333,15.2666666666667,9.333333333,83,0.066666667,1.46666666666667,6.966666667,4
2,577410,2003,29.26666667,14.8,4.333333333,79.66666667,0.466666667,1.73333333333333,7.133333333,20
3,656800,2003,31.83333,16.63333,22,77.33333,0.166667,1.166667,8.233333,6
4,657020,2003,29.96666667,14.3666666666667,17.33333333,81.33333333,0.6,1.63333333333333,6.766666667,10
5,464760,2003,29.6,16.6,15,71.33333333,0.533333333,1.8,6.5,9
6,964550,2003,28.06666667,13.5333333333333,12.66666667,83.33333333,0.366666667,1.43333333333333,6.266666667,37
7,588460,2003,28.9,15.1333333333333,9.666666667,79,0.333333333,1.46666666666667,7.2,9
8,705500,2003,30.23333333,13.8666666666667,9.333333333,82.33333333,0.333333333,1.23333333333333,6.633333333,7
9,871660,2003,30.16666667,15.8666666666667,7.333333333,81.66666667,0.333333333,1.26666666666667,7.133333333,4
11,706710,2003,30.16666667,17.2,10.66666667,80.66666667,0.433333333,0.966666666666667,7.4,6
12,434580,2003,29.2,13.4,1.666666667,80.33333333,0.666666667,1.33333333333333,6.7,14
13,877580,2003,30.93333333,16.3666666666667,0.333333333,86,0.4,1.33333333333333,7.833333333,3
14,929050,2003,28.86666667,13.9333333333333,5.333333333,80.66666667,0.733333333,1.3,7.5,20
15,25680,2003,31.63333333,15.4,0.666666667,79.66666667,0.366666667,1.03333333333333,8.7,63
16,1397180,2003,28.03333333,14.4,11,82,0.8,1.63333333333333,7,34
17,1006540,2003,29.66666667,15.8,2.666666667,75.33333333,1.266666667,1.66666666666667,7.333333333,35
18,371510,2003,29.36666667,14.4666666666667,10.66666667,82,0.333333333,1.46666666666667,6.733333333,10
